{
  "IdleLeft": {
    "Frame0": [ 160.0, 32.0, 191.0, 0.0 ],
    "NumFrames": 1,
    "Repeating": true,
    "SecsPerFrame": 2.0
  },
  "IdleRight": {
    "Frame0": [ 192.0, 32.0, 223.0, 0.0 ],
    "NumFrames": 1,
    "Repeating": true,
    "SecsPerFrame": 2.0
  },
  "CrouchLeft": {
    "Frame0": [ 160.0, 63.0, 191.0, 32.0 ],
    "NumFrames": 1,
    "Repeating": true,
    "SecsPerFrame": 2.0
  },
  "CrouchRight": {
    "Frame0": [ 192.0, 63.0, 223.0, 32.0 ],
    "NumFrames": 1,
    "Repeating": true,
    "SecsPerFrame": 2.0
  },
  "MoveLeft": {
    "Frame0": [ 0.0, 32.0, 32.0, 0.0 ],
    "Frame1": [ 32.0, 32.0, 63.0, 0.0 ],
    "Frame2": [ 64.0, 32.0, 95.0, 0.0 ],
    "Frame3": [ 96.0, 32.0, 127.0, 0.0 ],
    "Frame4": [ 128.0, 32.0, 159.0, 0.0 ],
    "NumFrames": 5,
    "Repeating": true,
    "SecsPerFrame": 0.16670000553131104
  },
  "MoveRight": {
    "Frame0": [ 0.0, 63.0, 32.0, 32.0 ],
    "Frame1": [ 32.0, 63.0, 63.0, 32.0 ],
    "Frame2": [ 64.0, 63.0, 95.0, 32.0 ],
    "Frame3": [ 96.0, 63.0, 127.0, 32.0 ],
    "Frame4": [ 128.0, 63.0, 159.0, 32.0 ],
    "NumFrames": 5,
    "Repeating": true,
    "SecsPerFrame": 0.16670000553131104
  },
      "JumpLeft": {
    "Frame0": [ 32.0, 95.0, 63.0, 64.0 ],
    "NumFrames": 1,
    "Repeating": false,
    "SecsPerFrame": 2
  }, 
      "JumpRight": {
    "Frame0": [ 128.0, 95.0, 159.0, 64.0 ],
    "NumFrames": 1,
    "Repeating": false,
    "SecsPerFrame": 2
  },
  "Explode": {
    "Frame0": [ 0.0, 127.0, 32.0, 96.0 ],
    "Frame1": [ 32.0, 127.0, 63.0, 96.0 ],
    "Frame2": [ 64.0, 127.0, 95.0, 96.0 ],
    "Frame3": [ 96.0, 127.0, 127.0, 96.0 ],
    "Frame4": [ 128.0, 127.0, 159.0, 96.0 ],
    "Frame5": [ 160.0, 127.0, 191.0, 96.0 ],
    "Frame6": [ 192.0, 127.0, 223.0, 96.0 ],
    "Frame7": [ 224.0, 127.0, 255.0, 96.0 ],
    "Frame8": [ 0.0, 159.0, 32.0, 128.0 ],
    "Frame9": [ 32.0, 159.0, 63.0, 128.0 ],
    "Frame10": [ 64.0, 159.0, 95.0, 128.0 ],
    "Frame11": [ 96.0, 159.0, 127.0, 128.0 ],
    "Frame12": [ 128.0, 159.0, 159.0, 128.0 ],
    "Frame13": [ 160.0, 159.0, 191.0, 128.0 ],
    "Frame14": [ 192.0, 159.0, 223.0, 128.0 ],
    "Frame15": [ 224.0, 159.0, 255.0, 128.0 ],
    "NumFrames": 16,
    "Repeating": false,
    "SecsPerFrame": 0.16670000553131104
  }
}
